Film,Similar Films,Cos Similar Films,Title
3924,"[3931, 3942, 3937, 80532, 210938, 43073, 32600, 144284, 34563, 36515, 3938, 396395, 610909, 3930, 15590, 20758, 238032, 231651, 346228, 198187, 11846, 43494, 11862, 483351, 585728, 49715, 60422, 529377, 20325, 111605, 136386, 105778, 72012, 83791, 78280, 21118, 39486, 72766, 11775, 28455, 9051, 146642, 779011, 391714, 525041, 9029, 316351, 217292, 620079, 480919]","[0.6386101, 0.60632604, 0.53237283, 0.48121956, 0.4777087, 0.46148068, 0.45565388, 0.44914317, 0.44910383, 0.44881716, 0.4460171, 0.44576067, 0.44479287, 0.44200277, 0.4386801, 0.43736854, 0.437168, 0.43651146, 0.43418273, 0.43161547, 0.43064576, 0.43036306, 0.41953987, 0.41850892, 0.41750735, 0.41706073, 0.416783, 0.41572538, 0.41568244, 0.41462797, 0.4146159, 0.413745, 0.41357365, 0.41334134, 0.41227597, 0.4120287, 0.41183722, 0.41130492, 0.40953523, 0.40943044, 0.40886903, 0.40768474, 0.40751797, 0.4071945, 0.40643644, 0.40558863, 0.40457845, 0.4041292, 0.40394127, 0.40385282]",Blondie
8773,"[256, 8985, 21055, 269572, 42192, 52717, 259956, 7797, 173205, 14187, 230701, 251285, 254952, 72744, 92424, 301225, 210302, 530228, 93461, 331424, 216138, 575872, 492495, 111969, 447061, 324573, 75772, 44122, 228205, 733425, 315707, 78568, 121088, 344749, 30805, 57436, 286980, 339397, 67611, 390329, 201344, 43879, 57111, 508, 713377, 171857, 47429, 6003, 536881, 85543]","[0.64963174, 0.5491259, 0.543959, 0.5199824, 0.49357533, 0.49238133, 0.49179184, 0.49118167, 0.4882161, 0.48805976, 0.4813973, 0.47706467, 0.47662196, 0.47466362, 0.4739896, 0.47220093, 0.4680068, 0.46788406, 0.46629244, 0.4635452, 0.46328974, 0.46228924, 0.46050888, 0.45873737, 0.4578345, 0.4576974, 0.4561686, 0.4543042, 0.45377442, 0.4510606, 0.4494752, 0.4459496, 0.44575003, 0.44548494, 0.4432902, 0.44305933, 0.4429175, 0.4424494, 0.44242787, 0.4417395, 0.44140106, 0.4412105, 0.4406271, 0.43840346, 0.43768454, 0.43660524, 0.4360392, 0.4358476, 0.43568105, 0.4332095]",Love at Twenty
5,"[53458, 187665, 4883, 83675, 45838, 27683, 14530, 15196, 30230, 77553, 155065, 66195, 593457, 544, 584224, 34151, 463683, 73098, 20876, 37376, 12102, 43463, 114143, 33300, 526007, 60984, 152417, 536552, 27845, 196538, 22892, 252987, 50307, 611408, 142042, 156358, 32107, 61483, 19158, 396508, 414749, 53512, 264426, 103523, 686872, 10872, 2665, 364060, 64328, 46617]","[0.5745448, 0.5438075, 0.5257573, 0.5182616, 0.51196456, 0.51162183, 0.50930965, 0.5087383, 0.49521485, 0.4943557, 0.4939961, 0.49157774, 0.4910659, 0.48968968, 0.48895502, 0.48851752, 0.48842528, 0.4817708, 0.48118895, 0.480632, 0.47925523, 0.47887206, 0.4771258, 0.4763568, 0.47627184, 0.47611228, 0.4742152, 0.4738865, 0.47102243, 0.47078976, 0.47044817, 0.4700595, 0.46904016, 0.46886182, 0.46860987, 0.46851492, 0.4683453, 0.46770066, 0.46680665, 0.46629798, 0.46570915, 0.4649934, 0.4640531, 0.46340284, 0.46329823, 0.46223602, 0.46117052, 0.46113586, 0.46068043, 0.45983174]",Four Rooms
6,"[77609, 42145, 242491, 26240, 55723, 92416, 492402, 408221, 455236, 52764, 69116, 234461, 402331, 164785, 118615, 25646, 35739, 478741, 774714, 13633, 346808, 417809, 455957, 38162, 787310, 355579, 38156, 9321, 582302, 237373, 234375, 281168, 27653, 130066, 21949, 24231, 113252, 40362, 60800, 603119, 20761, 8961, 176004, 23957, 38587, 40004, 85247, 283563, 56725, 25284]","[0.5602155, 0.5518276, 0.55032283, 0.5480223, 0.5398611, 0.5393208, 0.5284785, 0.524756, 0.5240984, 0.51753044, 0.5163561, 0.51396394, 0.51252663, 0.50926113, 0.50921214, 0.5065605, 0.5041528, 0.50196004, 0.49740168, 0.49332815, 0.49279717, 0.49199966, 0.48920265, 0.48804125, 0.48709047, 0.48614475, 0.4809567, 0.47485495, 0.47380894, 0.4734065, 0.47150606, 0.47137743, 0.47104052, 0.47015738, 0.47000986, 0.46875602, 0.46628344, 0.46555048, 0.46523923, 0.46517605, 0.46292844, 0.46243244, 0.46039212, 0.45983034, 0.4579885, 0.45725116, 0.4557579, 0.45475203, 0.4547092, 0.45458224]",Judgment Night
8,"[177078, 202456, 37621, 54220, 730892, 415078, 191383, 167922, 243307, 296226, 248494, 81542, 177622, 117565, 15292, 173029, 123742, 146362, 258881, 14002, 649812, 168235, 111441, 63400, 403011, 24398, 129067, 500848, 44345, 282879, 276264, 400471, 242547, 386128, 15254, 236224, 193038, 270360, 215061, 521936, 271492, 291252, 91693, 73590, 44621, 89221, 202014, 20791, 50106, 253377]","[0.5283537, 0.5059866, 0.5028862, 0.49576128, 0.48841465, 0.47928396, 0.47342923, 0.46957976, 0.4684518, 0.4656756, 0.46427566, 0.4640417, 0.46330228, 0.46205452, 0.46095216, 0.4595243, 0.45714578, 0.4548067, 0.4539054, 0.45279503, 0.45075065, 0.4479119, 0.44498014, 0.44471002, 0.44342536, 0.44324172, 0.44315884, 0.4424539, 0.4412445, 0.44112313, 0.4409954, 0.4406252, 0.43988496, 0.4380927, 0.43793756, 0.43779135, 0.4375733, 0.43719327, 0.43665218, 0.43660647, 0.4361629, 0.43589607, 0.43283173, 0.4326434, 0.43225014, 0.4319123, 0.43168652, 0.43073282, 0.4302979, 0.4296796]",Life in Loops (A Megacities RMX)
11,"[1891, 1892, 435365, 486000, 433829, 136406, 81234, 12180, 74849, 533721, 194103, 1893, 181808, 381950, 19287, 431575, 314238, 81233, 72694, 348350, 55194, 140607, 19458, 51888, 222575, 150793, 548928, 28302, 415749, 34134, 329116, 147897, 35026, 337755, 76180, 443484, 72513, 670428, 13532, 95251, 204388, 15906, 42982, 30163, 424645, 91342, 1895, 94201, 142096, 388885]","[0.63916504, 0.5994915, 0.5286874, 0.5088744, 0.5058081, 0.49720252, 0.48998198, 0.48935428, 0.48747432, 0.48458135, 0.4837216, 0.48028275, 0.47804937, 0.47747457, 0.4741341, 0.47373432, 0.47193867, 0.47178948, 0.46616778, 0.46346068, 0.45924896, 0.45798114, 0.45327836, 0.44531602, 0.44326523, 0.44213086, 0.44189993, 0.44123083, 0.43795615, 0.436885, 0.4360445, 0.4326503, 0.42880237, 0.42656153, 0.42332733, 0.42169148, 0.41963074, 0.4154416, 0.41458452, 0.41332883, 0.4117865, 0.41171795, 0.41139403, 0.4102335, 0.4098013, 0.4050972, 0.40457052, 0.4044233, 0.40424797, 0.40245056]",Star Wars
12,"[777350, 2965, 20609, 1851, 19595, 296850, 56354, 40761, 67006, 421, 132601, 28346, 104387, 31011, 52454, 30266, 119276, 551910, 565839, 173, 340855, 36355, 36123, 123047, 482974, 682110, 85233, 17692, 9825, 579, 28820, 403119, 56896, 300445, 234530, 83877, 53834, 117593, 809929, 13894, 24962, 237523, 347849, 137200, 219579, 496464, 60540, 40887, 145012, 97559]","[0.5750592, 0.5332584, 0.5087344, 0.50142837, 0.4882491, 0.4861712, 0.4650219, 0.46262407, 0.4540575, 0.44276476, 0.44180027, 0.44074363, 0.4391777, 0.43915308, 0.43544176, 0.43325174, 0.43201485, 0.42822087, 0.42742968, 0.42697343, 0.42597404, 0.41976953, 0.4187116, 0.41691798, 0.41585815, 0.4155422, 0.41502357, 0.4140506, 0.41298938, 0.4122997, 0.41019195, 0.4101803, 0.41016072, 0.40937752, 0.4080207, 0.4079646, 0.40698594, 0.40664274, 0.40394023, 0.403262, 0.40297794, 0.40231374, 0.40202564, 0.4014879, 0.40008494, 0.39991054, 0.39990646, 0.39982283, 0.39861438, 0.398556]",Finding Nemo
13,"[218425, 162091, 146567, 24050, 344043, 91854, 30323, 33799, 66541, 425378, 27112, 338827, 175346, 392660, 73527, 111689, 43369, 207937, 441612, 188476, 523781, 22067, 212822, 9889, 390053, 377287, 280427, 406785, 446351, 600354, 113182, 89187, 188465, 45020, 57669, 1984, 47475, 52338, 83079, 134204, 127262, 111969, 367544, 101984, 329061, 381255, 33030, 14118, 334299, 73770]","[0.51957905, 0.5130362, 0.50010324, 0.49916586, 0.49914595, 0.4989594, 0.49815217, 0.4967326, 0.49531114, 0.48981023, 0.48759872, 0.48638624, 0.48447683, 0.48190343, 0.48021194, 0.47651112, 0.47546214, 0.47423077, 0.47382188, 0.47366604, 0.47093043, 0.4678158, 0.4617452, 0.46075436, 0.4603477, 0.45938504, 0.458618, 0.45827857, 0.45382157, 0.45255053, 0.4520454, 0.45158955, 0.4506538, 0.4502194, 0.4490015, 0.4482288, 0.4479322, 0.44547006, 0.4452145, 0.443567, 0.44327113, 0.44109356, 0.4404267, 0.44022477, 0.43992436, 0.43783823, 0.43779606, 0.43733191, 0.43701565, 0.43640566]",Forrest Gump
14,"[400608, 384112, 114617, 435033, 433171, 4644, 285595, 299679, 11472, 38813, 326285, 47911, 37247, 57621, 607259, 11012, 142158, 10735, 12315, 416987, 79029, 39210, 94959, 384021, 620639, 59482, 262454, 475210, 59822, 16699, 35857, 415428, 26579, 517434, 684107, 31005, 36998, 823754, 48266, 6440, 198774, 31203, 256935, 76494, 382591, 44835, 18425, 577683, 142650, 436345]","[0.519465, 0.49514365, 0.48414725, 0.48300093, 0.47864234, 0.47514784, 0.4671029, 0.45748228, 0.45206723, 0.45086563, 0.45074475, 0.44917458, 0.4473826, 0.44449547, 0.44404954, 0.4427504, 0.44177994, 0.44053647, 0.43650335, 0.4351449, 0.43392277, 0.43301564, 0.4329273, 0.43080968, 0.43046033, 0.42995548, 0.42934382, 0.42866284, 0.4260766, 0.4250103, 0.42428938, 0.42329198, 0.42260283, 0.42132282, 0.42129338, 0.42122012, 0.42107034, 0.42030376, 0.41993356, 0.41992772, 0.41978997, 0.41900927, 0.41893286, 0.41870254, 0.41860834, 0.4181807, 0.4162524, 0.41539982, 0.4151801, 0.4148569]",American Beauty
15,"[79875, 4657, 63480, 313520, 298667, 18910, 26535, 313519, 272099, 4147, 95510, 566366, 284854, 278484, 634767, 84723, 26242, 43526, 39295, 15566, 8649, 56154, 501907, 614560, 139628, 650272, 286465, 184716, 254024, 300451, 81107, 8066, 74682, 339502, 433036, 36339, 16608, 244517, 171045, 43003, 7837, 37094, 285096, 94959, 42532, 251321, 129218, 106326, 56648, 30862]","[0.5475802, 0.5062651, 0.49874532, 0.4950378, 0.48835728, 0.47883955, 0.47273636, 0.47198528, 0.4639755, 0.46333817, 0.46270263, 0.4602213, 0.45748007, 0.45604306, 0.4549959, 0.44978398, 0.44832915, 0.4475728, 0.44699097, 0.44631475, 0.44550967, 0.44494623, 0.4444571, 0.44387722, 0.44332385, 0.44263884, 0.44191828, 0.44056123, 0.44007215, 0.43886998, 0.43873525, 0.43619257, 0.4355283, 0.4346341, 0.43278408, 0.43145132, 0.4311381, 0.43030855, 0.43011594, 0.42998135, 0.42924243, 0.42919967, 0.42852873, 0.42753953, 0.42707074, 0.42697284, 0.42581624, 0.42551148, 0.42544258, 0.42477083]",Citizen Kane
16,"[582897, 461931, 351004, 593655, 398939, 215031, 130690, 334878, 343412, 247434, 135216, 521092, 54315, 80146, 430005, 345919, 139075, 22105, 641662, 525938, 293681, 446641, 290542, 43442, 32619, 66957, 337085, 453668, 575563, 102489, 82865, 61977, 34148, 291289, 79029, 384021, 728143, 50041, 336700, 679888, 204853, 23411, 52964, 13106, 14024, 525213, 267597, 294861, 117248, 156965]","[0.6412592, 0.57405025, 0.53359246, 0.5298364, 0.5144035, 0.51421493, 0.511132, 0.50741994, 0.50464714, 0.5037294, 0.5017204, 0.50149715, 0.5005433, 0.49946713, 0.4994222, 0.49856132, 0.49254888, 0.4925285, 0.492095, 0.49175882, 0.49013466, 0.48950368, 0.48912364, 0.4889655, 0.4865194, 0.48538697, 0.485301, 0.48512927, 0.48440054, 0.48309648, 0.48297992, 0.48228943, 0.48219007, 0.48202765, 0.4819085, 0.48173872, 0.48159978, 0.47980663, 0.47870567, 0.47712687, 0.47693995, 0.47579306, 0.47572055, 0.47504804, 0.4749302, 0.47478923, 0.47464794, 0.4745693, 0.47449547, 0.47436926]",Dancer in the Dark
17,"[686749, 53988, 152584, 277611, 46835, 72642, 110204, 190857, 55657, 407757, 383064, 130150, 601453, 391626, 588446, 477657, 1829, 12408, 111440, 46013, 85677, 102969, 589049, 15775, 21349, 493922, 260435, 580872, 129754, 10379, 114189, 121950, 11630, 253209, 146318, 172268, 495773, 51505, 21970, 515673, 160462, 92182, 109102, 14432, 539181, 53354, 583274, 593655, 181764, 169758]","[0.63313913, 0.60740113, 0.58633196, 0.5841151, 0.57633936, 0.571691, 0.5672152, 0.5648022, 0.5623636, 0.5622794, 0.54819185, 0.547193, 0.5461595, 0.5386717, 0.5385014, 0.5341289, 0.53231835, 0.5303451, 0.52799225, 0.5259897, 0.5255066, 0.52265316, 0.52202284, 0.52140486, 0.52097076, 0.5206901, 0.517594, 0.51576906, 0.51508534, 0.5144503, 0.5125577, 0.5119247, 0.5104084, 0.51005566, 0.51004314, 0.5087285, 0.50733393, 0.50718915, 0.50705814, 0.5068531, 0.5058017, 0.50488365, 0.5048471, 0.5048144, 0.5042992, 0.50367, 0.50242716, 0.50231457, 0.5021595, 0.50168926]",The Dark
18,"[549429, 335494, 13836, 265785, 56284, 86126, 281292, 32092, 310491, 422816, 56384, 127471, 2153, 4913, 2330, 272426, 109953, 214525, 80965, 404845, 86047, 64690, 29336, 57901, 337694, 538227, 191312, 11559, 38189, 661020, 379559, 391439, 76072, 21371, 43639, 588064, 1938, 42618, 760546, 38185, 347754, 410212, 308143, 450509, 227300, 19912, 434355, 39457, 295473, 433249]","[0.6146301, 0.5937732, 0.5772548, 0.56620026, 0.56553674, 0.56394553, 0.5287062, 0.52543473, 0.51920885, 0.5177522, 0.5143218, 0.51192665, 0.5086609, 0.50090134, 0.4994387, 0.48526955, 0.4844081, 0.47870082, 0.47865766, 0.47781807, 0.4752366, 0.47509307, 0.47466603, 0.47458, 0.4741413, 0.4732482, 0.47244078, 0.47236612, 0.4670626, 0.46669632, 0.46635228, 0.46281427, 0.46068233, 0.46061248, 0.4601868, 0.45782954, 0.45678473, 0.4532613, 0.45288602, 0.45268, 0.4521894, 0.4521246, 0.45153457, 0.4508807, 0.45003963, 0.4496475, 0.44781768, 0.4476095, 0.4475544, 0.44674245]",The Fifth Element
19,"[71115, 115108, 39449, 446763, 574950, 1984, 65609, 169798, 196324, 454610, 385327, 225629, 43358, 468326, 80188, 228312, 633318, 38050, 67385, 361283, 109549, 20096, 61629, 107003, 42377, 337667, 104950, 64810, 697064, 266047, 8884, 80036, 213985, 275613, 126213, 595172, 299430, 38787, 9052, 51995, 46810, 257238, 34615, 510804, 94748, 44529, 323311, 384421, 643419, 25752]","[0.5920832, 0.5605308, 0.5479569, 0.5361352, 0.5340447, 0.52649254, 0.5236705, 0.5213954, 0.52047575, 0.51988995, 0.5183998, 0.51164365, 0.5102099, 0.5032124, 0.50149417, 0.49817416, 0.4977998, 0.49741608, 0.49714625, 0.49690804, 0.49480754, 0.49288908, 0.49243394, 0.49087536, 0.487766, 0.48675084, 0.4867477, 0.48525372, 0.48169187, 0.48149598, 0.48004347, 0.47843292, 0.4767431, 0.47657868, 0.4764179, 0.47541514, 0.47537547, 0.47374296, 0.4737153, 0.47343445, 0.47340494, 0.47313723, 0.47204274, 0.4711989, 0.47094178, 0.47073293, 0.4702789, 0.46966058, 0.4696356, 0.4674682]",Metropolis
20,"[600720, 70712, 437023, 416256, 90369, 536396, 53113, 754934, 599975, 641662, 63201, 59726, 81589, 74470, 524442, 284754, 384594, 389630, 245031, 113141, 439152, 15658, 72769, 200094, 410005, 452964, 85956, 203834, 531312, 139200, 67744, 13090, 426251, 14795, 81475, 538707, 525619, 171375, 659246, 844295, 93672, 427747, 395982, 471054, 43727, 63858, 28007, 63191, 11317, 388273]","[0.585516, 0.55258965, 0.54506314, 0.53005505, 0.51929915, 0.5168276, 0.51514983, 0.51188886, 0.5113049, 0.5094915, 0.50382864, 0.49882886, 0.49838597, 0.4980094, 0.4958046, 0.4942571, 0.49377722, 0.49338937, 0.49275494, 0.49096262, 0.4909346, 0.4865898, 0.48532048, 0.48474252, 0.4840682, 0.48326123, 0.4823992, 0.4823022, 0.48168486, 0.48152333, 0.48006725, 0.47981536, 0.47847676, 0.4780391, 0.47798538, 0.4775827, 0.47735178, 0.4755661, 0.47460988, 0.4745115, 0.47440368, 0.47163957, 0.4714511, 0.47121543, 0.47074756, 0.46910602, 0.46875483, 0.4678501, 0.46549132, 0.46419987]",My Life Without Me
21,"[24257, 752411, 62043, 39026, 177888, 126313, 128217, 17692, 137968, 149116, 340260, 252189, 479316, 76286, 15292, 179184, 118254, 37545, 276909, 500177, 433059, 36123, 400659, 18387, 8944, 269993, 100212, 581615, 444434, 31535, 251979, 93476, 45167, 355594, 206070, 152113, 12768, 16356, 10423, 250693, 16385, 336893, 15254, 428252, 352023, 49348, 88641, 411015, 41752, 35901]","[0.8325174, 0.5213944, 0.51223016, 0.49473852, 0.48477167, 0.47656053, 0.476136, 0.4701174, 0.46471214, 0.45281738, 0.4507802, 0.44841522, 0.4479918, 0.44569555, 0.44451487, 0.4406528, 0.44015658, 0.4384514, 0.43585545, 0.4342542, 0.43347502, 0.4331283, 0.4324811, 0.42973024, 0.42916453, 0.42900383, 0.4288915, 0.42841625, 0.4240867, 0.42199162, 0.421049, 0.420265, 0.4200416, 0.41949645, 0.41888428, 0.41882235, 0.4185789, 0.41842213, 0.41841513, 0.41816097, 0.418015, 0.4177892, 0.41662246, 0.4162796, 0.4159386, 0.41409516, 0.41377574, 0.4135994, 0.41011572, 0.41002518]",The Endless Summer
22,"[1865, 166426, 30506, 50075, 58, 72302, 220834, 218970, 35032, 131764, 28778, 1934, 230652, 42242, 90974, 17824, 157687, 670129, 51367, 147897, 290112, 196406, 366919, 624808, 18977, 245829, 9810, 15401, 5994, 18989, 130966, 66556, 279690, 101519, 284765, 93313, 174784, 113181, 103299, 324978, 53945, 150188, 39083, 19384, 561543, 286307, 72197, 121006, 29130, 2021]","[0.7626561, 0.6089003, 0.6062237, 0.60082936, 0.59623885, 0.55850554, 0.558385, 0.55473083, 0.5490327, 0.548828, 0.5479542, 0.5428655, 0.5376612, 0.5321914, 0.53067344, 0.5270692, 0.5262875, 0.5245234, 0.5181489, 0.51807433, 0.5173665, 0.5170476, 0.5165829, 0.51139915, 0.5113963, 0.5107098, 0.5105772, 0.5083679, 0.5072725, 0.5062704, 0.5054496, 0.50422275, 0.5038141, 0.50158155, 0.50033796, 0.49936947, 0.49277604, 0.49166027, 0.4915557, 0.4914466, 0.49131584, 0.48966402, 0.48954457, 0.48644513, 0.4846329, 0.4834464, 0.48341352, 0.48274088, 0.48205304, 0.48197564]",Pirates of the Caribbean: The Curse of the Black Pearl
24,"[302150, 15542, 238458, 67758, 75736, 539885, 597891, 217896, 13277, 449985, 110240, 20028, 571656, 483906, 62684, 13437, 94741, 228971, 277355, 414419, 83323, 26167, 20806, 393, 615115, 22672, 110165, 193146, 51875, 57585, 111359, 47898, 62086, 204569, 104619, 196908, 63326, 11694, 25239, 122924, 61765, 53529, 515815, 95429, 20187, 88518, 36339, 256467, 547202, 89125]","[0.7493442, 0.65685594, 0.6323314, 0.62099713, 0.6174202, 0.6164118, 0.6157786, 0.610275, 0.6039309, 0.60052764, 0.60046273, 0.60000217, 0.59829664, 0.5900583, 0.5878341, 0.58656144, 0.5848334, 0.58477104, 0.582469, 0.581473, 0.58102137, 0.57965076, 0.579065, 0.57792604, 0.57628274, 0.57532114, 0.5746351, 0.5742518, 0.57331073, 0.57267106, 0.5723836, 0.57077074, 0.5701622, 0.5696598, 0.5694101, 0.56931436, 0.5678919, 0.5648383, 0.564216, 0.56197155, 0.5595844, 0.5584086, 0.5583668, 0.5581669, 0.5577339, 0.5569942, 0.55436856, 0.5532607, 0.55294454, 0.55227256]",Kill Bill: Vol. 1
25,"[635744, 208271, 4816, 37853, 41874, 124676, 123156, 442949, 38766, 73857, 233710, 132535, 16047, 124058, 245324, 166082, 1783, 4436, 354287, 321109, 20713, 67749, 10015, 26843, 263456, 39359, 22779, 196533, 43519, 158739, 111752, 123755, 188608, 162611, 35659, 180505, 68023, 25264, 236836, 294294, 1722, 342502, 81847, 14554, 346076, 233208, 21779, 51426, 326379, 244743]","[0.490636, 0.48190242, 0.4801451, 0.47481295, 0.47474504, 0.45694846, 0.45294923, 0.45273525, 0.4503268, 0.44502407, 0.44392782, 0.4436867, 0.443595, 0.44227803, 0.44178683, 0.441315, 0.44091642, 0.43973964, 0.4371007, 0.43663615, 0.43169016, 0.43038607, 0.42794067, 0.42682102, 0.42529708, 0.42321515, 0.42321202, 0.42243636, 0.42087233, 0.4181282, 0.41696456, 0.4150824, 0.41472355, 0.41425014, 0.41386443, 0.4130985, 0.41241804, 0.41112578, 0.40988937, 0.4095967, 0.4084624, 0.40838736, 0.40831634, 0.4052333, 0.40435255, 0.40430194, 0.4031602, 0.40282032, 0.40207204, 0.4020201]",Jarhead
27,"[11208, 32700, 2752, 273261, 81757, 51851, 809338, 239541, 499791, 67696, 374471, 49178, 458877, 380879, 254246, 214096, 545577, 83388, 50725, 288624, 367304, 8274, 283330, 125320, 342673, 308024, 27143, 112019, 74608, 106143, 435480, 197519, 117720, 314529, 60799, 530451, 67455, 242022, 214996, 117248, 27142, 227149, 56263, 461634, 130733, 43308, 25447, 630919, 257381, 383807]","[0.5538283, 0.54975426, 0.539143, 0.5304547, 0.52203757, 0.5219198, 0.5127587, 0.5029732, 0.49780524, 0.49743754, 0.49083775, 0.4886363, 0.48551303, 0.48515752, 0.4847486, 0.4839002, 0.4820885, 0.48188877, 0.48137754, 0.4806568, 0.4783318, 0.47771397, 0.4765084, 0.47512183, 0.4745302, 0.47329307, 0.47172195, 0.47078925, 0.4702766, 0.47026345, 0.46891972, 0.46852583, 0.46822542, 0.468192, 0.4667291, 0.46507716, 0.46428204, 0.46376386, 0.4635932, 0.4632306, 0.46281758, 0.46136096, 0.46101826, 0.4602367, 0.46023256, 0.46005026, 0.45950204, 0.45837733, 0.4583029, 0.45827883]",9 Songs
28,"[22377, 18886, 10592, 28368, 54877, 9595, 582909, 148083, 192019, 20181, 666180, 570019, 42205, 9952, 29582, 30817, 131761, 53423, 56235, 37214, 982, 8007, 13923, 87083, 111043, 727790, 17599, 526224, 27281, 36354, 31938, 4108, 279937, 121131, 53623, 81351, 242166, 74714, 55287, 27352, 581, 337170, 480048, 618346, 93289, 1368, 11324, 20318, 156080, 12500]","[0.53804255, 0.53154755, 0.50707895, 0.49751383, 0.49067494, 0.48922503, 0.488731, 0.48832732, 0.48761445, 0.48649925, 0.48065174, 0.4787029, 0.4758904, 0.47419298, 0.47404045, 0.47216097, 0.47134492, 0.47050592, 0.46581757, 0.46395472, 0.4639169, 0.46246183, 0.46043828, 0.46015668, 0.4589087, 0.45850614, 0.45828184, 0.45784527, 0.45721054, 0.4555927, 0.45424828, 0.4538442, 0.45241186, 0.45088333, 0.4506585, 0.4499607, 0.44955507, 0.44937104, 0.44805902, 0.4476055, 0.44730896, 0.44712785, 0.44693726, 0.44641253, 0.4461184, 0.44605866, 0.44577146, 0.44487736, 0.44462872, 0.4437078]",Apocalypse Now
33,"[28297, 197, 16131, 25726, 744338, 12655, 941, 31385, 22606, 82970, 53259, 34104, 130026, 125077, 196756, 4736, 192477, 41946, 123422, 37412, 128854, 51145, 141640, 58470, 23173, 48397, 21823, 44264, 57664, 597900, 204997, 73821, 19129, 180688, 5922, 23590, 152748, 108752, 27736, 44594, 58732, 404902, 22356, 179921, 13496, 135563, 31283, 136795, 51806, 41780]","[0.5505867, 0.5213987, 0.52049243, 0.51431596, 0.5134949, 0.5054673, 0.5027529, 0.50163317, 0.501503, 0.49919766, 0.4954878, 0.49488726, 0.4943602, 0.49408686, 0.4909516, 0.4903454, 0.4853319, 0.48460722, 0.48445728, 0.48390764, 0.48249072, 0.48224837, 0.47655627, 0.47598696, 0.47369277, 0.47323176, 0.46989012, 0.46924046, 0.46875876, 0.46856982, 0.46680337, 0.46530584, 0.46281445, 0.46239382, 0.46050197, 0.4603263, 0.45926872, 0.45855764, 0.45718515, 0.45694137, 0.45664918, 0.45610842, 0.45603243, 0.45564502, 0.4555492, 0.45507884, 0.45497584, 0.4547031, 0.45448124, 0.45431075]",Unforgiven
35,"[383887, 68496, 39016, 474273, 846214, 482528, 67001, 825597, 42515, 379556, 32045, 120022, 68497, 134, 79256, 175999, 477489, 42255, 53355, 68508, 1715, 235784, 37942, 74958, 77053, 17074, 353267, 464779, 162593, 291545, 156488, 99968, 73676, 80036, 74596, 22941, 164901, 552095, 148841, 68486, 430834, 66874, 375848, 67171, 101806, 148687, 68491, 62396, 67708, 209112]","[0.5061069, 0.46658462, 0.4551248, 0.45306337, 0.4453199, 0.42093945, 0.41280597, 0.40505564, 0.40317366, 0.39884317, 0.39121956, 0.3902473, 0.3878395, 0.38548243, 0.38406694, 0.38370028, 0.37913054, 0.3782695, 0.37533197, 0.3743539, 0.37407166, 0.37189275, 0.37098247, 0.36869383, 0.36868912, 0.3640067, 0.36372948, 0.36334458, 0.3617124, 0.36169913, 0.36018187, 0.35978, 0.35976416, 0.3592506, 0.35902387, 0.35700926, 0.356494, 0.3549481, 0.3528956, 0.35201702, 0.3497873, 0.34947446, 0.34913188, 0.34861615, 0.348037, 0.34755683, 0.34744626, 0.34657943, 0.34461796, 0.3441985]",The Simpsons Movie
38,"[130278, 348746, 107342, 81042, 244566, 548176, 414610, 80261, 173141, 579047, 294222, 169822, 28292, 13731, 371501, 117239, 155282, 131836, 774785, 19114, 204893, 529573, 41242, 298621, 648445, 26906, 92257, 772436, 61418, 323788, 37652, 42020, 31924, 153770, 210639, 115470, 376111, 333344, 117207, 83224, 130694, 190344, 350827, 573081, 98544, 52557, 104024, 665488, 84639, 12569]","[0.5393652, 0.5144777, 0.49221626, 0.49044877, 0.48274127, 0.47870278, 0.4785487, 0.4783405, 0.476607, 0.4756211, 0.47408888, 0.469948, 0.46905518, 0.46729803, 0.46590382, 0.46377593, 0.46348652, 0.46244514, 0.46198705, 0.46118942, 0.46018726, 0.4601748, 0.4599254, 0.4585855, 0.45714518, 0.4571037, 0.45613497, 0.45523363, 0.45483148, 0.45418882, 0.45159626, 0.4511554, 0.45099628, 0.45005503, 0.4497564, 0.4494331, 0.4488266, 0.44836432, 0.44772393, 0.44770133, 0.4467493, 0.44660234, 0.4463142, 0.44577336, 0.44513708, 0.44492313, 0.4447632, 0.4447319, 0.44391763, 0.44377315]",Eternal Sunshine of the Spotless Mind
55,"[259534, 23411, 19912, 18628, 20174, 99758, 363293, 408381, 272426, 29336, 359511, 33788, 258363, 520236, 124529, 9401, 524625, 186066, 522924, 13539, 89325, 89326, 582878, 32146, 466923, 95755, 304368, 364830, 12262, 38051, 238593, 446428, 28304, 268873, 674025, 158426, 85925, 73027, 251832, 10250, 202619, 80713, 41496, 433562, 11497, 514185, 7975, 68556, 387752, 337879]","[0.5758866, 0.562103, 0.5608487, 0.5562756, 0.5350312, 0.53291965, 0.5297727, 0.5296708, 0.52871805, 0.5273263, 0.52666235, 0.52265954, 0.5222416, 0.51984286, 0.5188347, 0.5177995, 0.5168586, 0.5159691, 0.5154915, 0.51363194, 0.51260763, 0.51240605, 0.50936323, 0.5079537, 0.5079529, 0.5073967, 0.5071846, 0.5071579, 0.50686324, 0.50679994, 0.5065068, 0.5062497, 0.5047841, 0.50447196, 0.5037341, 0.50314593, 0.5023154, 0.5009293, 0.5004677, 0.50038475, 0.50032717, 0.49971294, 0.49937442, 0.49928856, 0.49764287, 0.49707735, 0.49661475, 0.4963986, 0.49530616, 0.49499828]",Amores Perros
58,"[166426, 22, 1865, 50075, 16905, 3594, 30977, 172390, 42473, 324978, 279690, 105902, 69012, 18977, 267314, 146380, 49848, 153998, 11570, 260602, 218970, 166544, 72904, 91648, 265449, 198400, 32227, 33175, 72197, 728791, 130966, 101519, 13355, 118003, 196406, 134623, 5630, 128979, 19384, 59657, 235654, 96064, 63154, 50717, 147589, 618433, 230652, 127470, 47876, 17305]","[0.61548334, 0.59623885, 0.5787295, 0.5216553, 0.51877165, 0.51572657, 0.51411295, 0.51411295, 0.50672114, 0.49447668, 0.48634154, 0.48368657, 0.4785628, 0.47537357, 0.47172922, 0.47042415, 0.46761054, 0.46568075, 0.46519387, 0.46481496, 0.46442962, 0.46254545, 0.46180093, 0.4600593, 0.45822957, 0.4571741, 0.45600638, 0.45528024, 0.454319, 0.45386195, 0.4522635, 0.45206213, 0.44821966, 0.44790763, 0.44610566, 0.44600838, 0.44540918, 0.4439821, 0.44278952, 0.4418296, 0.44106907, 0.4406157, 0.44008952, 0.43866363, 0.43762028, 0.43716034, 0.43615472, 0.4355561, 0.4347207, 0.4344311]",Pirates of the Caribbean: Dead Man's Chest
59,"[395990, 455962, 53425, 401561, 786193, 15156, 139628, 433009, 18412, 650272, 24350, 235038, 32812, 696007, 28699, 136336, 79496, 355189, 180145, 684107, 91292, 419470, 465929, 43566, 41491, 13012, 33557, 196124, 136278, 717634, 423268, 389301, 57679, 401060, 500003, 294383, 206067, 187581, 726429, 94959, 85152, 4266, 87789, 611562, 110093, 30792, 464879, 93002, 81463, 289984]","[0.635117, 0.6301107, 0.618606, 0.6126144, 0.60863614, 0.6029185, 0.6012828, 0.59484696, 0.5943544, 0.59366655, 0.59187126, 0.58912253, 0.58542746, 0.5834726, 0.5822531, 0.58172977, 0.5811919, 0.57867306, 0.5784383, 0.5764293, 0.5758882, 0.575756, 0.5742243, 0.573652, 0.5725434, 0.5707253, 0.5703751, 0.5696076, 0.5653947, 0.5632482, 0.56011003, 0.5598592, 0.5585958, 0.55784404, 0.55557466, 0.55381685, 0.5535666, 0.5528104, 0.55275965, 0.5522807, 0.54751825, 0.54666626, 0.5462165, 0.54594177, 0.5456188, 0.5452215, 0.5450736, 0.5426944, 0.5415244, 0.53922087]",A History of Violence
62,"[443297, 193595, 63381, 39750, 382512, 91314, 449575, 103333, 2164, 360348, 76012, 58421, 287358, 52204, 251522, 13190, 89609, 9348, 425094, 71990, 16067, 65347, 310578, 26155, 10491, 557646, 494264, 59095, 29297, 837271, 242112, 147049, 62432, 515793, 67395, 45361, 786532, 87690, 165181, 273271, 496169, 16173, 43656, 61341, 10679, 519407, 644458, 314353, 57876, 26278]","[0.5381545, 0.49519807, 0.48605376, 0.47738567, 0.4764154, 0.47488832, 0.47296807, 0.47258657, 0.4631191, 0.46292648, 0.46150064, 0.46106988, 0.4585487, 0.45317316, 0.4495056, 0.44800055, 0.44493318, 0.44394398, 0.44349086, 0.44316316, 0.4425362, 0.44090718, 0.44064963, 0.4395816, 0.4390061, 0.4382869, 0.437746, 0.43739143, 0.43665746, 0.43580908, 0.43542767, 0.43380678, 0.43293715, 0.4328643, 0.43260163, 0.43176168, 0.43039265, 0.42938766, 0.4288786, 0.42880154, 0.4277891, 0.4232624, 0.42320353, 0.42262635, 0.4209603, 0.4197626, 0.41933534, 0.4192705, 0.41746476, 0.41704077]",2001: A Space Odyssey
63,"[55687, 9625, 170, 280066, 47177, 350837, 47654, 169881, 35923, 295011, 92562, 137662, 491020, 137749, 10444, 9533, 316951, 63912, 43897, 560034, 623491, 346651, 290637, 77169, 3515, 710478, 17635, 745, 58787, 28768, 55186, 207376, 11429, 15806, 1977, 15071, 79467, 47044, 128975, 545609, 1369, 321557, 528491, 4858, 39084, 10110, 479040, 57926, 46117, 225747]","[0.541016, 0.5338039, 0.52455765, 0.5170237, 0.51619124, 0.5084294, 0.49635518, 0.4900974, 0.48682114, 0.48116195, 0.47898898, 0.47259775, 0.46840388, 0.46810454, 0.4628191, 0.46240824, 0.46186405, 0.4612865, 0.45866048, 0.4554226, 0.4543388, 0.45281634, 0.4516608, 0.4513049, 0.4506014, 0.45016605, 0.45001036, 0.44884783, 0.44804037, 0.44543675, 0.44071478, 0.44069704, 0.4404652, 0.4391061, 0.438096, 0.4379415, 0.43793595, 0.4377796, 0.43763688, 0.43756607, 0.4374751, 0.4359042, 0.43450686, 0.43428722, 0.43419176, 0.43414646, 0.43405253, 0.43314737, 0.43313122, 0.43262583]",Twelve Monkeys
64,"[245533, 595931, 265495, 85648, 640435, 115616, 290762, 117467, 18916, 148327, 676859, 52105, 605874, 69201, 59565, 194413, 176068, 508101, 19898, 474002, 10071, 15534, 292200, 71792, 6522, 45577, 494403, 10862, 64861, 268900, 433602, 70166, 474051, 47760, 459070, 180162, 30139, 112016, 59240, 304796, 24578, 111443, 48138, 730741, 8434, 36492, 789563, 82966, 22597, 210947]","[0.5570993, 0.5525551, 0.5425171, 0.5374671, 0.5312447, 0.5306146, 0.52954435, 0.52342784, 0.5197804, 0.51655066, 0.5163388, 0.513492, 0.50921786, 0.50822115, 0.5054529, 0.5033599, 0.49964786, 0.49913636, 0.4972763, 0.49629176, 0.4937572, 0.4907148, 0.49024078, 0.48806715, 0.4878966, 0.48670086, 0.48487616, 0.48243558, 0.48236534, 0.48127878, 0.4799049, 0.47846967, 0.4784188, 0.47821176, 0.47705653, 0.47640193, 0.47637087, 0.47561675, 0.47549924, 0.4754802, 0.47448403, 0.4743188, 0.47388208, 0.47327894, 0.4728627, 0.47273785, 0.472704, 0.4723336, 0.4719708, 0.4718118]",Talk to Her
65,"[292, 70489, 797309, 14410, 85651, 13830, 50119, 390407, 253134, 84190, 10060, 42372, 379686, 99228, 107486, 40879, 157455, 39068, 239738, 1607, 342786, 492684, 82744, 319071, 21372, 306959, 10045, 71326, 156447, 537104, 105053, 37532, 69934, 132074, 261815, 14204, 312804, 85521, 10084, 253406, 13496, 37863, 169798, 90603, 57240, 61379, 14299, 298751, 13201, 43529]","[0.5832131, 0.4895504, 0.48899537, 0.48825413, 0.48757985, 0.48028266, 0.46654043, 0.4651043, 0.45343745, 0.44363913, 0.44357926, 0.4423261, 0.44111475, 0.44067642, 0.4377678, 0.43507555, 0.43327656, 0.43009353, 0.42961025, 0.42799887, 0.4276263, 0.42755944, 0.4263941, 0.42627847, 0.42572218, 0.4230724, 0.4219907, 0.42085096, 0.42001787, 0.41828766, 0.41738182, 0.41730595, 0.41702777, 0.415547, 0.41538665, 0.41512966, 0.4148207, 0.41473973, 0.41468507, 0.41427118, 0.4142263, 0.41330287, 0.41307512, 0.412579, 0.41156733, 0.4103657, 0.4101462, 0.40989298, 0.40813148, 0.4075857]",8 Mile
66,"[67899, 345069, 30034, 446351, 467632, 8382, 175005, 34667, 53655, 179534, 344906, 59118, 69892, 194163, 73027, 117263, 509874, 296500, 18420, 328904, 13741, 5765, 7485, 119283, 499322, 27053, 42553, 116979, 144147, 9438, 97618, 14979, 55100, 433621, 204569, 399004, 48886, 25503, 118534, 435097, 89372, 62684, 30367, 102362, 127105, 763820, 332177, 91571, 949, 11540]","[0.59822834, 0.58910304, 0.5889522, 0.56655216, 0.5603419, 0.5561199, 0.5557647, 0.5553184, 0.54225814, 0.541776, 0.5387907, 0.53865695, 0.5378747, 0.5354915, 0.5344807, 0.53396046, 0.5331526, 0.532788, 0.532009, 0.529475, 0.52827823, 0.52666676, 0.5266526, 0.5260837, 0.52532345, 0.52426493, 0.52349204, 0.5230613, 0.5228741, 0.52127326, 0.5207571, 0.5183463, 0.51712835, 0.51675224, 0.5167045, 0.5150374, 0.5144732, 0.5136511, 0.5131015, 0.5107852, 0.5102303, 0.50897396, 0.50881386, 0.5084145, 0.50833404, 0.50801015, 0.5075941, 0.5055936, 0.5055923, 0.5052082]",Absolute Power
67,"[715239, 88087, 233842, 13979, 121791, 121640, 683641, 18916, 323730, 587990, 30735, 316885, 339547, 28295, 623520, 343426, 479770, 37495, 44625, 5413, 358089, 333352, 174383, 453201, 396004, 35921, 173925, 4926, 343459, 224282, 336313, 15801, 315839, 30904, 410144, 15705, 102292, 39958, 19854, 131585, 58699, 255389, 108703, 9892, 408687, 439123, 612, 416398, 31690, 377]","[0.53594995, 0.49877188, 0.4974557, 0.48718533, 0.48588854, 0.47624937, 0.47469434, 0.4734842, 0.47216207, 0.47197178, 0.47168845, 0.4658507, 0.45874932, 0.45832032, 0.45752066, 0.45682138, 0.45660233, 0.45458305, 0.45425814, 0.45025942, 0.44933617, 0.44732732, 0.44463804, 0.44002837, 0.4397272, 0.43879133, 0.4382376, 0.43783724, 0.43611175, 0.43535477, 0.4331386, 0.43261847, 0.43194187, 0.43060818, 0.4301082, 0.42950296, 0.42926702, 0.42921227, 0.42892683, 0.42471796, 0.424542, 0.4242752, 0.42382428, 0.4226538, 0.42264858, 0.42179117, 0.41999304, 0.41886297, 0.418639, 0.4181209]",Paradise Now
68,"[167028, 164156, 40048, 604298, 28487, 65086, 21910, 21635, 80520, 41006, 351043, 421473, 9737, 69668, 50444, 14389, 546377, 155857, 238458, 7859, 214318, 120473, 36955, 396461, 18588, 200047, 214597, 80299, 226363, 121438, 397674, 15056, 509, 560014, 43533, 278, 207871, 798677, 77494, 336167, 333049, 25633, 78197, 467391, 59389, 386623, 149348, 31596, 31611, 32627]","[0.53394896, 0.5161824, 0.51234186, 0.51216, 0.50819016, 0.4967456, 0.49473947, 0.48416218, 0.48354846, 0.4804986, 0.48025525, 0.4791609, 0.47678167, 0.47580564, 0.4747239, 0.47325128, 0.47293234, 0.47157586, 0.47118238, 0.47061107, 0.46954033, 0.4676569, 0.46684423, 0.46681336, 0.46676493, 0.46622506, 0.46605432, 0.46573803, 0.464431, 0.4638335, 0.4634592, 0.462965, 0.46251458, 0.46222296, 0.461506, 0.46116376, 0.46110094, 0.460573, 0.4604652, 0.4602986, 0.46020782, 0.45961154, 0.4591785, 0.4589674, 0.45796874, 0.45758706, 0.45711213, 0.45687455, 0.45686466, 0.45633996]",Brazil
69,"[576713, 358100, 76283, 761061, 42482, 553649, 253337, 42003, 9707, 40047, 286034, 180975, 253327, 42232, 459488, 106802, 22627, 486943, 31151, 453205, 67012, 164741, 11465, 378785, 16769, 23178, 275355, 16247, 18434, 419914, 34623, 375732, 76498, 356167, 269054, 109264, 24746, 15734, 543050, 107486, 1496, 23148, 114593, 489928, 15675, 301348, 730009, 30192, 37640, 86835]","[0.64984673, 0.5570409, 0.5035562, 0.48013687, 0.4795024, 0.47257373, 0.47167087, 0.46967953, 0.46767616, 0.46083027, 0.45997787, 0.45651263, 0.45405456, 0.45397377, 0.44314635, 0.44031516, 0.43977606, 0.4392019, 0.4382028, 0.4371171, 0.4368766, 0.43555075, 0.43473458, 0.4298116, 0.427913, 0.42741227, 0.42623878, 0.4218406, 0.4206112, 0.41721812, 0.41608742, 0.41503012, 0.41406417, 0.41135567, 0.4112956, 0.41078645, 0.40976086, 0.40906942, 0.40702307, 0.4058053, 0.40130222, 0.40097606, 0.40022433, 0.3981086, 0.3971766, 0.3970474, 0.39694756, 0.39652327, 0.39604935, 0.39565256]",Walk the Line
70,"[37944, 8981, 354382, 10307, 83989, 4477, 11292, 53121, 79129, 15201, 3784, 5145, 469773, 340247, 103956, 135286, 47330, 184053, 400525, 47608, 589181, 367540, 34322, 16270, 564766, 190107, 39557, 387892, 52863, 160286, 43236, 100272, 43678, 207226, 215752, 10397, 499533, 45317, 240581, 180894, 92264, 29355, 39851, 641370, 121390, 381064, 393132, 115373, 52332, 40001]","[0.5468521, 0.51325834, 0.5079131, 0.50172234, 0.49179038, 0.49051273, 0.4855743, 0.48493424, 0.48281324, 0.47834948, 0.47706717, 0.47530442, 0.4721849, 0.4721254, 0.46517128, 0.4629092, 0.45812464, 0.45519343, 0.45313826, 0.45087063, 0.45075274, 0.44944912, 0.44778365, 0.44520766, 0.44386283, 0.44345954, 0.44339108, 0.44263637, 0.44173253, 0.43943655, 0.43842366, 0.43749842, 0.43625066, 0.43619782, 0.43606043, 0.43477944, 0.4344501, 0.43340498, 0.4332553, 0.43294474, 0.432505, 0.4299003, 0.42850775, 0.42772144, 0.42764133, 0.426125, 0.42472547, 0.42458844, 0.42378142, 0.4235]",Million Dollar Baby
71,"[20649, 79825, 298931, 26320, 448776, 448557, 50114, 293767, 163048, 503758, 111765, 43529, 66634, 101866, 306, 32054, 411983, 90108, 328595, 298751, 256057, 157771, 33324, 496208, 252899, 407588, 369189, 53516, 265832, 48448, 18394, 307081, 356216, 183832, 36387, 430306, 426257, 4723, 398175, 41841, 418585, 89608, 24979, 78715, 520754, 8270, 83232, 56966, 425479, 11327]","[0.4657095, 0.45791793, 0.45453393, 0.44284478, 0.43705767, 0.43334824, 0.43113858, 0.42995977, 0.4285004, 0.4249682, 0.42429844, 0.42347324, 0.42161998, 0.42125654, 0.4211049, 0.41931206, 0.4190053, 0.41648477, 0.4163903, 0.41589642, 0.4124678, 0.41064924, 0.40762967, 0.40679714, 0.40476292, 0.4029957, 0.40258983, 0.4020695, 0.40146783, 0.40123406, 0.40001154, 0.39871028, 0.3986554, 0.39825752, 0.3975476, 0.39721447, 0.39425343, 0.394143, 0.39209998, 0.3918271, 0.39154354, 0.39133435, 0.39111817, 0.38793367, 0.38766435, 0.38758945, 0.3854944, 0.38502127, 0.38498068, 0.38494188]",Billy Elliot
73,"[138943, 128975, 64167, 126891, 324345, 321557, 706972, 20053, 44752, 49261, 6511, 27958, 24227, 277702, 15031, 56161, 548998, 99453, 71013, 40088, 161542, 787310, 402919, 121824, 22175, 9990, 55016, 42815, 20858, 68472, 26517, 187581, 122160, 23476, 60535, 238972, 23750, 14603, 711577, 14417, 391486, 31449, 246749, 68049, 78715, 140849, 28679, 141511, 39341, 526973]","[0.5094083, 0.5035684, 0.5030663, 0.4776727, 0.4767535, 0.4747118, 0.47287372, 0.4722318, 0.47085488, 0.47026598, 0.46179926, 0.46138394, 0.46013921, 0.45964006, 0.45712847, 0.45531583, 0.45450264, 0.45357883, 0.45327917, 0.45315754, 0.45176226, 0.44848815, 0.4478657, 0.44697365, 0.4467666, 0.44269848, 0.44225627, 0.44063362, 0.44045183, 0.44035894, 0.43965018, 0.43951368, 0.43856063, 0.43852103, 0.4372479, 0.43708044, 0.43639827, 0.4363472, 0.4357043, 0.435451, 0.43492234, 0.4341959, 0.43398595, 0.4335987, 0.43351227, 0.4333981, 0.432908, 0.43249196, 0.43227473, 0.43186557]",American History X
74,"[132250, 18190, 26124, 338762, 656150, 10914, 323692, 68472, 426272, 79519, 727306, 121268, 54501, 10183, 30972, 568091, 505953, 14096, 236479, 553593, 613377, 200713, 227061, 31923, 157031, 539626, 554583, 41666, 510938, 204912, 6463, 25834, 330995, 15912, 478364, 95767, 14926, 34792, 81010, 474764, 88051, 31002, 176273, 209244, 87836, 31979, 2636, 85657, 40683, 388862]","[0.5448845, 0.51011693, 0.486017, 0.47799236, 0.47691125, 0.4741303, 0.46565372, 0.46541128, 0.46033177, 0.45466182, 0.43907282, 0.43357202, 0.4283192, 0.42805713, 0.42368788, 0.42324764, 0.42223722, 0.41666964, 0.4158619, 0.41576827, 0.41411003, 0.41129535, 0.4104452, 0.41043615, 0.4104017, 0.41024706, 0.40892643, 0.40677005, 0.4064448, 0.40462714, 0.40445685, 0.40272647, 0.4025788, 0.40208882, 0.40180063, 0.4013191, 0.4006272, 0.39678305, 0.39589065, 0.39573032, 0.39550263, 0.39519453, 0.39369112, 0.3935845, 0.39226723, 0.39130244, 0.38993227, 0.38970572, 0.3887396, 0.38865024]",War of the Worlds
75,"[16364, 9397, 80766, 393368, 461955, 34086, 117342, 250626, 454421, 197624, 56155, 688258, 401132, 114046, 46522, 131948, 118636, 308063, 1410, 256601, 25518, 447352, 354776, 60410, 324294, 24362, 313943, 103217, 124739, 30778, 28524, 46329, 16268, 828, 11864, 354282, 99847, 166214, 30863, 618354, 140690, 421833, 38959, 30813, 34812, 118716, 615677, 579480, 275619, 46242]","[0.5296392, 0.5281957, 0.5256381, 0.5249535, 0.51985407, 0.5151484, 0.5122922, 0.5108243, 0.50701785, 0.5001326, 0.49161047, 0.49106854, 0.48661518, 0.4853497, 0.48452052, 0.48350012, 0.47686714, 0.47392747, 0.47063684, 0.46712744, 0.46547443, 0.46494186, 0.46367103, 0.46253085, 0.4623403, 0.458662, 0.4528999, 0.45079437, 0.4494393, 0.44874543, 0.44801465, 0.44773743, 0.44749877, 0.44736034, 0.4469026, 0.44685724, 0.44618368, 0.44513828, 0.44509682, 0.44422585, 0.4441607, 0.4437574, 0.44172204, 0.44067478, 0.43958983, 0.43775332, 0.43736768, 0.43717557, 0.43677467, 0.4365517]",Mars Attacks!
76,"[132344, 80, 142108, 34838, 499772, 55976, 295887, 42513, 412518, 161115, 1058, 60025, 199924, 477072, 9073, 48999, 8368, 436352, 8067, 155098, 20813, 54419, 401545, 17418, 54028, 138573, 54766, 39933, 411741, 631417, 726523, 82501, 54991, 45044, 651602, 608619, 62576, 118778, 43876, 32338, 627493, 652786, 653665, 453606, 33644, 515248, 49060, 12807, 43739, 84184]","[0.8169636, 0.7700252, 0.5441615, 0.5307617, 0.5162561, 0.5044781, 0.5026181, 0.4976467, 0.48566717, 0.47957498, 0.47823596, 0.47776306, 0.4674822, 0.46737093, 0.46454042, 0.46191874, 0.4616518, 0.46134794, 0.45997792, 0.45693633, 0.4568775, 0.45150363, 0.45119584, 0.4509223, 0.44979167, 0.44906342, 0.44836158, 0.4483191, 0.44790402, 0.44687283, 0.44529468, 0.44317323, 0.44216087, 0.44197747, 0.44184414, 0.4413898, 0.4406788, 0.44052953, 0.43988785, 0.437719, 0.43714005, 0.43695787, 0.43586415, 0.43433464, 0.43380618, 0.4332155, 0.43313268, 0.43292266, 0.4317823, 0.43076313]",Before Sunrise
77,"[105109, 4970, 38273, 275729, 258054, 118919, 430088, 85665, 450152, 59317, 464684, 256166, 11086, 16258, 351043, 111919, 296603, 25166, 120186, 393003, 200047, 5503, 119635, 35060, 207681, 37696, 2527, 27743, 2045, 52634, 287601, 280996, 42690, 227700, 245695, 41555, 55488, 27053, 132843, 10718, 48354, 37742, 228221, 20806, 20357, 432708, 40048, 201736, 42061, 61140]","[0.62712604, 0.5856432, 0.5854448, 0.5817775, 0.55368, 0.540162, 0.5292908, 0.5279977, 0.5275579, 0.52548635, 0.52337986, 0.5227784, 0.51931316, 0.5180301, 0.51594645, 0.5111923, 0.5082061, 0.5054934, 0.5026472, 0.50247806, 0.50244474, 0.5016862, 0.50094914, 0.50072026, 0.49902862, 0.49614984, 0.49515903, 0.493627, 0.4934008, 0.49266022, 0.49196523, 0.4916352, 0.4912942, 0.48823738, 0.4881344, 0.48757562, 0.4873697, 0.48734018, 0.48708346, 0.48679072, 0.48631656, 0.48631638, 0.48441747, 0.4843744, 0.4832002, 0.48304394, 0.48302472, 0.48292407, 0.4822133, 0.48095137]",Memento
78,"[335984, 475759, 392178, 475946, 57656, 473072, 85214, 37645, 539765, 204037, 88007, 110719, 257211, 19988, 16259, 597433, 180654, 168259, 278909, 79495, 19595, 41551, 127756, 100, 618433, 524, 243670, 35631, 576, 481811, 10780, 342472, 351044, 31451, 40095, 52013, 22915, 45168, 79875, 170547, 287855, 593840, 72447, 624956, 58730, 66835, 74454, 375573, 122229, 43336]","[0.70885265, 0.55276966, 0.5117697, 0.49295908, 0.48752412, 0.4866823, 0.45203868, 0.43654907, 0.41464663, 0.41212398, 0.4120606, 0.41190705, 0.40316135, 0.40214866, 0.39746726, 0.39613175, 0.3946796, 0.39325404, 0.39293474, 0.39190453, 0.39033672, 0.3889264, 0.38766983, 0.384652, 0.38421392, 0.38387823, 0.3807969, 0.38049552, 0.3796769, 0.3792222, 0.37765235, 0.37714645, 0.3765289, 0.3765162, 0.376059, 0.37568823, 0.3750554, 0.3747499, 0.37463823, 0.37423232, 0.3735922, 0.37337905, 0.37335858, 0.370234, 0.37014896, 0.3698816, 0.36967456, 0.36966562, 0.3689562, 0.36872226]",Blade Runner
80,"[132344, 76, 268221, 499772, 412518, 142108, 9073, 631417, 84184, 62576, 1058, 19066, 11232, 60025, 54991, 42513, 60797, 239738, 40502, 415197, 83354, 425215, 107751, 60170, 23169, 33644, 227348, 433310, 199924, 55976, 147132, 608619, 408274, 733425, 295887, 39933, 552362, 118778, 436352, 198996, 412003, 299096, 43739, 19596, 598586, 114189, 594692, 34838, 169831, 419430]","[0.8175095, 0.7700252, 0.6281554, 0.61134267, 0.5859677, 0.5704335, 0.55388117, 0.5346235, 0.5318971, 0.5301545, 0.5221571, 0.5127551, 0.50617903, 0.4947245, 0.48780462, 0.48496026, 0.48260134, 0.4789845, 0.4764902, 0.47489557, 0.47294074, 0.4689789, 0.4688302, 0.4660265, 0.46547988, 0.46091986, 0.46031535, 0.46004742, 0.45975953, 0.45899093, 0.45836073, 0.4581694, 0.45707613, 0.45696318, 0.4552288, 0.45498753, 0.45281565, 0.45269796, 0.4515572, 0.4513881, 0.4501442, 0.45010448, 0.4470237, 0.4464352, 0.44588503, 0.44574314, 0.4456954, 0.4456213, 0.44515908, 0.44472158]",Before Sunset
82,"[126341, 33671, 238458, 38082, 70718, 495673, 4968, 62684, 692, 31362, 86689, 360627, 128280, 29106, 11863, 72475, 23954, 172493, 9990, 35017, 74399, 199715, 40826, 9650, 61669, 31863, 442472, 168672, 43539, 95429, 55670, 487680, 65671, 111, 180276, 9319, 65211, 509109, 477811, 449503, 18550, 317049, 41616, 35025, 146375, 84834, 21236, 80343, 91312, 145723]","[0.7833961, 0.5562122, 0.54728365, 0.53950894, 0.5349246, 0.529669, 0.5295675, 0.5206208, 0.518942, 0.51765853, 0.5164447, 0.51641077, 0.51640475, 0.5159572, 0.5157978, 0.5068766, 0.5056492, 0.504651, 0.50354254, 0.50057244, 0.5002255, 0.49983007, 0.49937868, 0.4993163, 0.49683562, 0.49651706, 0.49428874, 0.49369872, 0.4919631, 0.4919181, 0.490672, 0.49051732, 0.4892738, 0.48855814, 0.48658895, 0.48624033, 0.48601177, 0.48554018, 0.48484072, 0.48453516, 0.48350105, 0.4830433, 0.4825257, 0.48186755, 0.48130137, 0.48077118, 0.48062354, 0.479026, 0.4787326, 0.4787287]",Miami Vice
83,"[252164, 102295, 570973, 166643, 144154, 104480, 39288, 209288, 2756, 37467, 277687, 152747, 403119, 10493, 443791, 161991, 302828, 543915, 523931, 405535, 246080, 7364, 56354, 387, 48340, 672582, 218338, 34082, 59120, 41656, 12590, 175, 13321, 500177, 129436, 160019, 39799, 12821, 71991, 35663, 462146, 155297, 152113, 26600, 581311, 62754, 186382, 78842, 178995, 79730]","[0.64379454, 0.6338512, 0.58405316, 0.578266, 0.5659382, 0.5586294, 0.547987, 0.5213518, 0.51887244, 0.5138836, 0.5034033, 0.50219584, 0.49992704, 0.49322677, 0.48906162, 0.48694158, 0.48666894, 0.48253947, 0.4790637, 0.4776414, 0.4735605, 0.47350523, 0.47345996, 0.46705785, 0.4631936, 0.4620404, 0.46103692, 0.45901334, 0.45868582, 0.45822108, 0.45678577, 0.45658633, 0.45288327, 0.45257753, 0.45256963, 0.4514386, 0.44847876, 0.44826722, 0.44774148, 0.44752562, 0.44586384, 0.4446461, 0.44460312, 0.44315183, 0.4426254, 0.44227174, 0.44221133, 0.44211102, 0.4416588, 0.44109178]",Open Water
85,"[89, 87, 827007, 222037, 222054, 222042, 14103, 222050, 37440, 38774, 222055, 309298, 81895, 9838, 222058, 68728, 319600, 524348, 18910, 222039, 72904, 79399, 379042, 222064, 43788, 70364, 222053, 62922, 15192, 29192, 20981, 74924, 28354, 36258, 34593, 222057, 60950, 181965, 2698, 19131, 58623, 222059, 97784, 532865, 12117, 146062, 2983, 36676, 141069, 837271]","[0.61054397, 0.5878494, 0.5562019, 0.51701146, 0.49531102, 0.49104434, 0.49082056, 0.48683274, 0.48340797, 0.48295262, 0.48096442, 0.48041224, 0.4742669, 0.47251573, 0.46564412, 0.46172696, 0.46129036, 0.45953673, 0.4568498, 0.45659453, 0.45605266, 0.45570862, 0.4507227, 0.44800597, 0.44731876, 0.4448581, 0.43921518, 0.437791, 0.4372594, 0.4372471, 0.4367254, 0.43403476, 0.43373474, 0.43341398, 0.43259352, 0.43137294, 0.4309047, 0.42949146, 0.4287711, 0.42691636, 0.4267075, 0.42630288, 0.42620823, 0.42615741, 0.42506444, 0.4250118, 0.42472485, 0.42465687, 0.423823, 0.42125404]",Raiders of the Lost Ark
86,"[16577, 44098, 198060, 39563, 28298, 59585, 13538, 18252, 38125, 43695, 171998, 116094, 142106, 25313, 375356, 617296, 643419, 24742, 179778, 450745, 15390, 8357, 126139, 30900, 125153, 402362, 5755, 420003, 95136, 41974, 9821, 17046, 13815, 23433, 17645, 19904, 188805, 327923, 591350, 514234, 11777, 10416, 91722, 64806, 87451, 254246, 323370, 12805, 72563, 9062]","[0.48211595, 0.4663447, 0.44941145, 0.44786364, 0.4464364, 0.4455704, 0.44353807, 0.44239083, 0.44074482, 0.43098584, 0.42950732, 0.42933267, 0.4254604, 0.42509797, 0.4248489, 0.42048502, 0.42030042, 0.4196546, 0.41953707, 0.4188788, 0.41805798, 0.4173867, 0.41487992, 0.4145711, 0.41168407, 0.41134566, 0.40858728, 0.40855098, 0.40796202, 0.40733784, 0.40438187, 0.40273696, 0.4011827, 0.40050933, 0.40021324, 0.4001385, 0.39995095, 0.39893764, 0.39724326, 0.3971635, 0.39675435, 0.39619046, 0.39606425, 0.39593965, 0.39548546, 0.3945037, 0.39403003, 0.39338094, 0.39217204, 0.39209595]",The Elementary Particles
87,"[222058, 85, 222055, 827007, 319600, 222042, 222057, 222039, 14103, 217, 89, 524348, 591, 222047, 222064, 74924, 36984, 222059, 222054, 417775, 70364, 222037, 467239, 41460, 28354, 174754, 543749, 38774, 22500, 331313, 222050, 76012, 407447, 222051, 90956, 471317, 116345, 222065, 36258, 59581, 368408, 279972, 17741, 72904, 41027, 36676, 26506, 62521, 196650, 416144]","[0.591131, 0.5878494, 0.57216465, 0.56779826, 0.56403565, 0.52165425, 0.516374, 0.5067707, 0.4972156, 0.48654032, 0.4836053, 0.48083794, 0.4783352, 0.47083348, 0.46309555, 0.45976335, 0.45918733, 0.45782942, 0.4574574, 0.4564563, 0.4561632, 0.45365408, 0.4528464, 0.4520212, 0.44967222, 0.4396167, 0.43790838, 0.43651593, 0.43413526, 0.43309358, 0.4329431, 0.42900637, 0.42322576, 0.42249876, 0.42175668, 0.42054284, 0.41843826, 0.41697726, 0.41543424, 0.41461015, 0.41443077, 0.41183046, 0.41131818, 0.40939265, 0.40918183, 0.40757173, 0.40592557, 0.40425447, 0.40374094, 0.40318948]",Indiana Jones and the Temple of Doom
88,"[444902, 169068, 2830, 96019, 12108, 63725, 641662, 263472, 26768, 31142, 59481, 57686, 5967, 29286, 11312, 94662, 40209, 750545, 237373, 74595, 84548, 227655, 39210, 423617, 243125, 343, 306969, 128508, 99765, 345919, 85498, 57244, 223022, 40260, 141879, 482866, 293644, 415197, 46842, 121401, 490447, 456824, 17920, 170979, 100369, 538339, 349064, 22582, 319324, 200374]","[0.71376824, 0.59886885, 0.5620307, 0.56115985, 0.53258395, 0.5318234, 0.52775025, 0.5244621, 0.5215667, 0.5203596, 0.5170237, 0.51589894, 0.515643, 0.5052217, 0.50497925, 0.5042015, 0.5034422, 0.5023212, 0.50221336, 0.50034565, 0.49943423, 0.49626517, 0.49621183, 0.4955768, 0.49508905, 0.49344003, 0.49289078, 0.49271163, 0.49236318, 0.49229667, 0.4921296, 0.4919781, 0.4906234, 0.4901536, 0.48950773, 0.48929882, 0.48913282, 0.48911035, 0.48880664, 0.48849756, 0.4883964, 0.4882302, 0.486945, 0.4862867, 0.4862374, 0.48532107, 0.48466414, 0.48449177, 0.48397803, 0.48348582]",Dirty Dancing
